status_id,status_message,link_name,status_type,status_link,status_published,status_video_length,num_reactions,num_comments,num_shares,num_likes,num_loves,num_wows,num_hahas,num_sads,num_angrys
26815555478_10153128264920479,3 reasons more and more couples are all about the butt:,Jake Explains: Why Men Like Anal Sex,link,http://glmr.me/1GHtSHo,2015-03-30 21:01:04,,285,48,35,285,0,0,0,0,0
26815555478_10153128089285479,It's binge o'clock.,8 Foreign Series Worth Watching on Netflix,link,http://glmr.me/1DmkGsl,2015-03-30 19:30:46,,992,44,110,992,0,0,0,0,0
26815555478_10153127888755479,Disney's latest live-action movie is getting down to business:,Another Disney Princess Is Getting the Live-Action Movie Treatment,link,http://glmr.me/1CqAred,2015-03-30 17:20:53,,2059,69,216,2059,0,0,0,0,0
26815555478_10153127579010479,"Heads up, Duchess Kate--you have some MAJOR new competition in the hair department.",Meet the Royal-to-Be Who Has Even More Gorgeous Hair Than Kate Middleton,link,http://glmr.me/1DlRrGg,2015-03-30 15:04:26,,1200,64,30,1200,0,0,0,0,0
26815555478_10153127326410479,"Destiny's Child reunites, Justin Bieber forgets lyrics, and more moments you have to see from this weekend:",Destiny's Child Reunites and More Viral Moments You Missed This Weekend,link,http://glmr.me/1CDYGHs,2015-03-30 13:12:43,,949,7,22,949,0,0,0,0,0
26815555478_10153127084930479,"You go, Gigi.","Gigi Hadid: ""It's Not Just OK to Model Until You're 25 and Then Stop and Be a Housewife""",link,http://glmr.me/19pBv8a,2015-03-30 11:01:04,,4613,60,52,4613,0,0,0,0,0
26815555478_10153126874745479,The best--and one worst--moments from the iHeartRadio Awards:,The Best and Worst Moments of the iHeartRadio Music Awards,link,http://glmr.me/19oY6lo,2015-03-30 09:15:25,,551,2,9,551,0,0,0,0,0
26815555478_10153125806045479,"We polled 2,000 men and women to find out how your phone affects your love life. Spoiler: You're all sexting a lot.",The Sext-Files,link,http://glmr.me/1Gw5bh4,2015-03-29 21:00:30,,365,6,8,365,0,0,0,0,0
26815555478_10153125233970479,Quiz alert! What does your ponytail say about you?,What Your Ponytail Says About You,link,http://glmr.me/1F29NcI,2015-03-29 19:30:36,,590,25,50,590,0,0,0,0,0
26815555478_10153124977345479,"Sandal season is (kinda, sorta) upon us! 25 cute pairs to shop now:",25 Pairs of Spring Sandals That Won't Break the Bank,link,http://glmr.me/1NkfSF6,2015-03-29 17:01:09,,993,10,21,993,0,0,0,0,0
26815555478_10153124694745479,Bags! Sunglasses! Every accessory we have our eye on for fall:,The Best Accessories From Fall 2015 Fashion Week,link,http://glmr.me/1CeQxrp,2015-03-29 15:01:03,,648,7,13,648,0,0,0,0,0
26815555478_10153124448140479,Last chance! You only have two more days to enter for a chance to win the trip--and shopping spree--of a lifetime:,"You Could Win a Trip to Turks and Caicos--Plus, a $1,000 Joie Shopping Spree!",link,http://glmr.me/1OBu0vj,2015-03-29 13:00:51,,152,2,4,152,0,0,0,0,0
26815555478_10153124172190479,This ballerina has some of the most magical wedding photos we've ever seen:,This Ballerina Bride Is Going to Jete Her Way Into Your Heart,link,http://glmr.me/1Gw2Jab,2015-03-29 11:00:50,,1441,29,30,1441,0,0,0,0,0
26815555478_10153123950510479,5 recipes that will make your skin *glow*,What to Eat for Gorgeous Skin,link,http://glmr.me/1xGOtdg,2015-03-29 09:00:46,,831,11,84,831,0,0,0,0,0
26815555478_10153122873060479,"TBH, having the last name ""Hemsworth"" doesn't hurt.",10 Physical Qualities That Instantly Make Men Insanely Attractive,link,http://glmr.me/1Gw2gF5,2015-03-28 19:30:53,,1545,46,94,1545,0,0,0,0,0
26815555478_10153122536425479,How to wash your hair less (in a non-gross way):,How to Wash Your Hair Less From Hair Guru Riawna Capri,link,http://glmr.me/1F299Me,2015-03-28 17:01:06,,754,22,78,754,0,0,0,0,0
26815555478_10153122308725479,58 of the most incredible shoes from fall 2015 fashion month:,Best in Shoes: Our Favorite Styles From Fall 2015 Fashion Week,link,http://glmr.me/1D3arJr,2015-03-28 15:00:47,,1898,12,83,1898,0,0,0,0,0
26815555478_10153122059140479,"What's the craziest pickup line you've gotten from online dating? Share yours and we might use it in an It's Not OK, Cupid video on Glamour.com!",These Crazy Online Dating Pickup Lines Are Hilarious,link,http://glmr.me/1xGQp5i,2015-03-28 13:01:02,,207,14,13,207,0,0,0,0,0
26815555478_10153121795295479,"There's a whole lunar calendar for haircuts, you guys.",Could Trimming Your Hair on Certain Dates Make It Grow Faster?,link,http://glmr.me/1xzJwD2,2015-03-28 11:01:25,,393,13,28,393,0,0,0,0,0
26815555478_10153121575905479,30 adorable pieces that might actually make you look forward to a little rain:,Rain? Check! 30 Waterproof Pieces to Keep You Chic and Dry,link,http://glmr.me/1ykwFiT,2015-03-28 09:00:56,,895,8,30,895,0,0,0,0,0
26815555478_10153121392260479,This workout will make you feel fitter--and more badass--in six weeks.,Body by Glamour: The Confidence Workout,link,http://glmr.me/1NeQEYK,2015-03-28 07:00:49,,977,6,200,977,0,0,0,0,0
26815555478_10153120361780479,"No. 1: The annoying ""my boyfriend is better than your boyfriend"" post. http://glmr.me/1ykczoO",5 Things No One Wants to Read About Your Relationship on Facebook,link,http://glmr.me/1ykczoO,2015-03-27 19:30:21,,1032,25,83,1032,0,0,0,0,0
26815555478_10153120110550479,Jackie and Kelso FOREVER: http://glmr.me/1xGfzRI,From On-Screen to Real Life: Celebrity Couples Who Played Couples First,link,http://glmr.me/1xGfzRI,2015-03-27 17:00:34,,1032,1,24,1032,0,0,0,0,0
26815555478_10153119912905479,Pull these photos up next time you're at the salon. http://glmr.me/1xFLXE1,Here's a Series of Pictures to Take to Your Next Hair Color Appointment,link,http://glmr.me/1xFLXE1,2015-03-27 15:00:48,,306,10,18,306,0,0,0,0,0
26815555478_10153119717275479,We have a theory about Kate Middleton's pink coat. http://glmr.me/1xFLySa,Why I Think Kate Middleton's Hot Pink Coat Means She's Having Another Boy,link,http://glmr.me/1xFLySa,2015-03-27 13:00:37,,769,45,16,769,0,0,0,0,0
26815555478_10153119490360479,"Zayn Malik explains his exit from One Direction: ""I feel like I've let the fans down, but I can't do this anymore."" http://glmr.me/1xkfS4e",Zayn Malik Reveals the Real Reason Why He Decided to Quit One Direction,link,http://glmr.me/1xkfS4e,2015-03-27 11:00:22,,913,49,35,913,0,0,0,0,0
26815555478_10153119370960479,Does Taylor Swift have a new beau? http://glmr.me/1EIPzlw,Are Taylor Swift and Calvin Harris Dating?,link,http://glmr.me/1EIPzlw,2015-03-27 09:45:58,,29856,473,337,29856,0,0,0,0,0
26815555478_10153119140570479,SPONSORED: Dress effortlessly and play up your boho flair with H&M this spring. Check out the full 2015 spring collection at http://glmr.me/1yeEHtl,H&M offers fashion and quality at the best price | H&M US,link,http://glmr.me/1yeEHtl,2015-03-27 07:00:48,,382,4,2,382,0,0,0,0,0
26815555478_10153118431400479,No. 1: You realize you can't go a day without talking.,8 Relationship Milestones That Show You're Getting Serious,link,http://glmr.me/1IAt3zl,2015-03-26 21:00:51,,782,17,75,782,0,0,0,0,0
26815555478_10153118298175479,The pics of Lilly Pulitzer for Target are here--and they are SO GOOD.,Prepare to Freak Out Over How Good Lilly Pulitzer x Target Is!,link,http://glmr.me/1CeMds8,2015-03-26 19:30:44,,1507,52,120,1507,0,0,0,0,0
26815555478_10153118043565479,"Well done, Snooks.",Most Improved! Snooki Has Finally Nailed Her Best Hair/Makeup Look,link,http://glmr.me/1xCR1Jj,2015-03-26 17:00:18,,724,25,12,724,0,0,0,0,0
26815555478_10153117813030479,"Drew Barrymore on body confidence after giving birth: ""You feel like a kangaroo with a giant pouch; everything's saggy and weird. But you think about how beautiful it is that you're able to make children.""",Why Drew Barrymore Likes Her Beauty Imperfect,link,http://glmr.me/1xCtyrH,2015-03-26 15:00:35,,2470,110,184,2470,0,0,0,0,0
26815555478_10153117607020479,"Remembering Kim Kardashian's blond hair, March 2015-March 2015.",Kim Kardashian Has Ended Her Blond Phase,link,http://glmr.me/1EYtMcd,2015-03-26 13:19:02,,1218,114,22,1218,0,0,0,0,0
26815555478_10153117512440479,Bad news for Downton Abbey fans:,The Next Season of Downton Abbey Will Be Its Last,link,http://glmr.me/1ydHCmi,2015-03-26 12:33:19,,474,79,129,474,0,0,0,0,0
26815555478_10153117311825479,Watch Mariah Carey and James Corden have the ultimate jam sesh:,Watch Mariah Carey and James Corden Belt Out Her Greatest Hits,link,http://glmr.me/1IzaKKF,2015-03-26 10:57:20,,824,50,379,824,0,0,0,0,0
26815555478_10153117135870479,Best wedding crasher EVER.,"Ed Sheeran Crashes a Wedding, Surprises Bride and Groom With First-Dance Serenade",link,http://glmr.me/1OAC9Ab,2015-03-26 09:31:32,,1739,39,68,1739,0,0,0,0,0
26815555478_10153116932410479,How to eat your feelings--in a good way:,4 Ways to Boost Your Mood...with Food,link,http://glmr.me/1xzJYkz,2015-03-26 07:01:07,,580,2,39,580,0,0,0,0,0
26815555478_10153116205245479,Can we just retire these 7 sentences? Kthx.,7 Phrases No Woman Ever Wants to Hear,link,http://glmr.me/1EV3F5S,2015-03-25 21:00:45,,540,14,39,540,0,0,0,0,0
26815555478_10153116031465479,"Happy birthday, Sarah Jessica Parker! In her honor, here are 5 spring looks we're stealing from Carrie Bradshaw:",5 Carrie Bradshaw Looks Every Girl Can Learn From This Spring,link,http://glmr.me/1CqQ0E5,2015-03-25 19:30:41,,1430,18,63,1430,0,0,0,0,0
26815555478_10153115808570479,Khloe Kardashian just went even blonder! The family that goes blond together...,Khloe Kardashian Just Joined Sister Kim in Blondness,link,http://glmr.me/1N9MAJp,2015-03-25 17:28:26,,566,45,9,566,0,0,0,0,0
26815555478_10153115691175479,SPONSORED: Score style success the Olivia Pope way this spring with The Limited  collection inspired by Scandal. Check out the newest Scandal Collection at: http://glmr.me/1CqQ86s,Timeline Photos,photo,https://www.facebook.com/glamour/photos/a.415642050478.210138.26815555478/10153115691175479/?type=3,2015-03-25 16:27:40,,215,4,17,215,0,0,0,0,0
26815555478_10153115399050479,"Gossip Girls, this will make you SO happy.",Guess Which Gossip Girl Stars Are Still Real-Life Best Friends (It's Not Who You'd Expect),link,http://glmr.me/1EUpyT2,2015-03-25 13:57:53,,1816,63,52,1816,0,0,0,0,0
26815555478_10153115190450479,"Zorry, Zayn fans: He's officially leaving One Direction.",Breaking News: Zayn Malik Is Officially Leaving One Direction,link,http://glmr.me/1GmdyeZ,2015-03-25 11:59:10,,822,88,100,822,0,0,0,0,0
26815555478_10153115134175479,The celeb cameo count in the new Entourage trailer is INSANE. Come watch!,Spot All the Celebs in the New 'Entourage' Trailer,link,http://glmr.me/1Gm1rP0,2015-03-25 11:24:47,,275,9,12,275,0,0,0,0,0
26815555478_10153114912115479,WTF?! and other thoughts we had during the Pretty Little Liars finale:,"Pretty Little Liars Recap: ""A"" Is Finally Revealed!",link,http://glmr.me/1xyCCOa,2015-03-25 09:35:38,,989,66,56,989,0,0,0,0,0
26815555478_10153114653380479,Short answer: Yes. Here's what a dermatologist says:,Is There Anything That Will Fade Post-Acne Dark Spots?,link,http://glmr.me/1br7bLD,2015-03-25 07:00:39,,330,18,25,330,0,0,0,0,0
26815555478_10153114018425479,Trust us: You want to have the DTR before you do these 5 things.,5 Things You Shouldn't Do Until You're an Official Couple,link,http://glmr.me/1EFcU7R,2015-03-24 22:10:02,,543,12,50,543,0,0,0,0,0
26815555478_10153113817310479,BREAKING: Jon Hamm has completed a 30-day rehab stay for alcohol abuse.,Jon Hamm Completes 30-Day Rehab Stay for Alcohol,link,http://glmr.me/1GgskDY,2015-03-24 20:32:11,,379,19,13,379,0,0,0,0,0
26815555478_10153113722650479,Congrats to these 5 brides--you made the batsh*t crazy hall of fame!,Batsh*t Crazy Hall of Fame: The 5 Biggest Bridezillas We've Ever Seen,link,http://glmr.me/1xwgbZW,2015-03-24 19:30:28,,197,16,25,197,0,0,0,0,0
26815555478_10153113505875479,"""Could you describe this ruckus, sir?""",12 Memorable Life Quotes From The Breakfast Club,link,http://glmr.me/1Is2KuW,2015-03-24 17:16:27,,966,14,200,966,0,0,0,0,0
26815555478_10153113308315479,WHO IS A? We round up the usual suspects: http://glmr.me/1EOHqyA,Who Is A on Pretty Little Liars? The 11 Biggest Suspects Before Tonight's Big Reveal,link,http://glmr.me/1EOHqyA,2015-03-24 15:19:44,,596,82,55,596,0,0,0,0,0
26815555478_10153113078995479,Hot guys + dogs = your new favorite Instagram.,Best Instagram Account Ever? Hot Dudes With Dogs,link,http://glmr.me/1bqEvT2,2015-03-24 13:09:29,,1967,62,66,1967,0,0,0,0,0
26815555478_10153112733650479,"If anyone can bring this trend back, Jennifer Lopez can.",It's Time to Get into this '90s Makeup Trend You Didn't Think Was Ever Coming Back,link,http://glmr.me/1N4Lv5C,2015-03-24 10:57:22,,1614,53,98,1614,0,0,0,0,0
26815555478_10153112637955479,"Angelina Jolie on having her ovaries removed: ""I feel feminine, and grounded in the choices I am making for myself and my family.""",Angelina Jolie Reveals She Had Ovaries Removed in Second Preventive Surgery,link,http://glmr.me/1ENmx6Z,2015-03-24 09:57:31,,1269,25,38,1269,0,0,0,0,0
26815555478_10153112379670479,"Yes, there are pancakes involved.",5 Healthy Products We're Obsessed With,link,http://glmr.me/1G7zHO4,2015-03-24 07:01:15,,512,4,14,512,0,0,0,0,0
26815555478_10153111616390479,Spoiler: It's all about compromising.,5 Struggles Every Couple Has With Sharing a Bed,link,http://glmr.me/1boOkB2,2015-03-23 21:00:39,,497,121,90,497,0,0,0,0,0
26815555478_10153111469480479,No. 5: Don't hook up with Jennifer Garner's boyfriend.,17 Love-Life Lessons I Learned From Watching Felicity,link,http://glmr.me/1boObh1,2015-03-23 19:30:35,,497,9,42,497,0,0,0,0,0
26815555478_10153111279620479,"Congrats! Mila Kunis kind of, sort of admitted that she and Ashton Kutcher are married!",Did Mila Kunis Just Reveal That She and Ashton Kutcher Are Married? See Her Ring!,link,http://glmr.me/1EKQbK9,2015-03-23 17:25:25,,527,6,10,527,0,0,0,0,0
26815555478_10153111231835479,"Happy anniversary, Pretty Woman!",Facts About Pretty Woman You Didn't Know in Honor of the Film's 25th Anniversary,link,http://glmr.me/1G7xMcr,2015-03-23 17:00:46,,3420,43,216,3420,0,0,0,0,0
26815555478_10153111029910479,"Vin Diesel named his daughter after Paul Walker as ""a way to keep his memory a part of my family and a part of my world.""",Cue the Tears: Vin Diesel Names His Newborn Daughter After Paul Walker,link,http://glmr.me/1boKBTR,2015-03-23 15:13:10,,1760,24,59,1760,0,0,0,0,0
26815555478_10153110742645479,Sarah Hyland just cut her hair AGAIN! Come see her adorable new bob:,The New Haircut You Loved on Sarah Hyland? Gone! Click to See Her Latest Look,link,http://glmr.me/1G6GyXW,2015-03-23 13:46:23,,339,4,4,339,0,0,0,0,0
26815555478_10153110592430479,Ariana Grande does the best Celine Dion impression ever--and more viral moments you missed this weekend:,"Ariana Grande's Spot-On Celine Dion Impression, and More",link,http://glmr.me/1xsdfO3,2015-03-23 13:07:22,,944,22,49,944,0,0,0,0,0
26815555478_10153110320175479,This couple is getting married 38 times in 83 days--and you NEED to see the pics:,Follow These Two Acrobats as They Get Married 38 Times in 83 Days,link,http://glmr.me/1EJFhEj,2015-03-23 11:08:48,,1193,16,69,1193,0,0,0,0,0
26815555478_10153110168680479,Everyone's favorite non-couple shares the secrets to their friendship:,Jennifer Lawrence Dishes the Secrets to Her Relationship With Bradley Cooper,link,http://glmr.me/1IkneWo,2015-03-23 09:35:29,,605,7,8,605,0,0,0,0,0
26815555478_10153109217920479,Trust us--it's a good one.,The Sex Tip You Need to Try Tonight,link,http://glmr.me/1Be4zWK,2015-03-22 21:00:25,,277,0,25,277,0,0,0,0,0
26815555478_10153109070880479,8 couples who have it figured out share their relationship secrets:,Happy Couples Share the Secrets to Their Relationship Success,link,http://glmr.me/1MVNlUp,2015-03-22 19:30:14,,640,13,52,640,0,0,0,0,0
26815555478_10153108776160479,"When the world's youngest self-made female billionaire gives career advice, you listen.",Meet the $9 Billion Woman: Career Advice From Theranos Founder Elizabeth Holmes,link,http://glmr.me/1DGR1d1,2015-03-22 17:01:35,,1374,26,235,1374,0,0,0,0,0
26815555478_10153108537095479,"No, not ""I'm sorry.""",2 Simple Words That Can Improve Your Relationship,link,http://glmr.me/1C71xbo,2015-03-22 15:01:06,,719,26,88,719,0,0,0,0,0
26815555478_10153108272775479,"Awwww, come see the Olsens, Jennifer Lopez, Taylor Swift, and more at their first red carpets:",Blast From the Past: We Dug Up Celebrities' First Red Carpet Appearances Ever,link,http://glmr.me/1OfrtXs,2015-03-22 13:01:36,,1261,21,31,1261,0,0,0,0,0
26815555478_10153108014550479,How to make your at-home hair color look salon-worthy:,The Ultimate at-Home Hair Color Guide,link,http://glmr.me/19a30SO,2015-03-22 11:00:56,,525,10,24,525,0,0,0,0,0
26815555478_10153107774200479,12 romantic wedding dresses that will make you weak in the knees:,"These Wedding Dresses Are So Over-the-Top Romantic, You Might Faint",link,http://glmr.me/1C705Gd,2015-03-22 09:00:52,,1269,29,103,1269,0,0,0,0,0
26815555478_10153106874315479,No. 4: When the girl you can't stand gets engaged.,9 Times Even the Most Secure Girl Is Convinced She'll Be Alone Forever,link,http://glmr.me/19a2ILA,2015-03-21 21:00:19,,747,20,68,747,0,0,0,0,0
26815555478_10153106705840479,"Yep, Lady Gaga was a bridesmaid in her best friend's wedding! Come see:",Lady Gaga Rocks a Pastel Bridesmaid Dress for Her Best Friend's Wedding,link,http://glmr.me/1BG4tqG,2015-03-21 19:10:56,,871,12,10,871,0,0,0,0,0
26815555478_10153106485950479,10 makeup mistakes women make on the regular--and how to fix them:,10 Makeup Tips Every Woman Should Know (According to a Makeup Artist),link,http://glmr.me/1I7GjLz,2015-03-21 17:00:50,,1418,20,280,1418,0,0,0,0,0
26815555478_10153106279145479,"""Do not date a guy who takes gym selfies,"" and more truly hilarious life advice from James Corden:",Dear American Women: The Late Late Show Host James Corden Shares His Thoughts on Life and Love,link,http://glmr.me/1BdZVYF,2015-03-21 15:00:37,,2253,54,288,2253,0,0,0,0,0
26815555478_10153106071265479,We know: Your DVR is bursting at the seams. We break down which shows to toss and which shows to keep:,Spring Cleaning Your DVR: What TV Shows to Save and What to Toss,link,http://glmr.me/1FNm8TD,2015-03-21 13:00:40,,276,5,5,276,0,0,0,0,0
26815555478_10153105833675479,Trust us: These wardrobe classics will change your life.,10 Wardrobe Essentials Every Woman Should Own,link,http://glmr.me/1CDEHc9,2015-03-21 11:00:38,,982,6,101,982,0,0,0,0,0
26815555478_10153105632910479,Thinking of changing up your hair color for spring? 30 gorgeous ideas:,30 Spring Hair Color Ideas,link,http://glmr.me/1Ofo1Ms,2015-03-21 09:00:40,,596,20,46,596,0,0,0,0,0
26815555478_10153105475615479,"Don't worry, be happy.",7 Ways to Feel Happier Right Now,link,http://glmr.me/19a1ZKm,2015-03-21 07:00:47,,895,10,93,895,0,0,0,0,0
26815555478_10153104947460479,The Glee series finale was a tearjerker! The best moments:,The Most Touching (and Tearjerking) Moments from the Glee Series Finale,link,http://glmr.me/1FOLkt3,2015-03-20 22:32:38,,582,12,16,582,0,0,0,0,0
26815555478_10153104679595479,No. 5: Cup our faces when they kiss us.,9 Things Men Do That Make Our Hearts Skip a Beat,link,http://glmr.me/1DGOyPI,2015-03-20 19:30:22,,1520,47,241,1520,0,0,0,0,0
26815555478_10153104467510479,We've got your weekend to-do list right here:,"The Glee Series Finale, Insurgent, and More Weekend Entertainment Picks",link,http://glmr.me/1MVIDpM,2015-03-20 17:17:33,,229,2,7,229,0,0,0,0,0
26815555478_10153104219290479,Watch Karlie Kloss dance in her underwear in her music video debut:,Karlie Kloss' Next Step: Super-Sexy Music Video Vixen,link,http://glmr.me/1OeNdTz,2015-03-20 14:52:12,,259,12,6,259,0,0,0,0,0
26815555478_10153104037485479,See Brooklyn Beckham follow in mum and dad's footsteps with his first big campaign:,Come See the Pictures From Brooklyn Beckham's First Gig as a Professional Model,link,http://glmr.me/199HNbH,2015-03-20 13:15:26,,720,24,22,720,0,0,0,0,0
26815555478_10153103818065479,"Move over, Cinderella. Jennifer Lopez just wore the most magical dress we've ever seen.",But Seriously—You've Never Seen a Dress Like the One Jennifer Lopez Wore Last Night,link,http://glmr.me/1Oedi54,2015-03-20 11:19:02,,5550,118,638,5550,0,0,0,0,0
26815555478_10153103670670479,Find out what Blake Lively and Ryan Reynolds named their baby girl! (For real this time),Ryan Reynolds Finally Confirms What He and Blake Lively Named Their Baby. Find Out!,link,http://glmr.me/1C5i5AN,2015-03-20 09:57:57,,879,35,11,879,0,0,0,0,0
26815555478_10153103624035479,Idina Menzel is officially morphing into Elsa.,"Idina Menzel Has Gone Blond (Yes, Like Elsa)",link,http://glmr.me/1OdPhej,2015-03-20 09:32:42,,371,11,7,371,0,0,0,0,0
26815555478_10153103406355479,6 spring classics you'll wear again and again:,Updated Your Wardrobe With These 6 Spring Classics You'll Go Back to Again and Again,link,http://glmr.me/1H59vSd,2015-03-20 07:00:54,,157,22,16,157,0,0,0,0,0
26815555478_10153102654870479,It *might* not be as bad as you think. Or maybe it is. Our quiz will help you know for sure:,Quiz: How Nonexistent Is Your Sex Life?,link,http://glmr.me/1I2qN3m,2015-03-19 21:00:50,,222,19,16,222,0,0,0,0,0
26815555478_10153102506735479,6 things that pretty much take a second date off the table:,The 6 Most Common First-Date Turnoffs,link,http://glmr.me/1ALAmik,2015-03-19 19:30:35,,284,6,24,284,0,0,0,0,0
26815555478_10153102268880479,The Glee cast reveals their most fulfilling--and toughest episodes ever:,Lea Michele's Hardest Episode to Shoot of Glee Is Not What You'd Expect,link,http://glmr.me/1xksAAi,2015-03-19 17:20:03,,342,7,6,342,0,0,0,0,0
26815555478_10153102033780479,Eva Mendes will never wear THIS around Ryan Gosling. Agree or disagree?,The One Thing Eva Mendes Will Never Wear Around Ryan Gosling,link,http://glmr.me/1MRKonS,2015-03-19 15:17:06,,435,64,20,435,0,0,0,0,0
26815555478_10153101886170479,"Ladies, Bradley Cooper is (reportedly) single again.",Bradley Cooper and Suki Waterhouse Have Reportedly Split,link,http://glmr.me/1H6UoLw,2015-03-19 13:53:37,,1789,219,239,1789,0,0,0,0,0
26815555478_10153101707900479,"There's going to be a new Little Women! And Hollywood, we have our dream cast ready to go:",Dream-Casting the Little Women Remake: See Our Top Picks!,link,http://glmr.me/1I1X9va,2015-03-19 12:16:35,,811,50,74,811,0,0,0,0,0
26815555478_10153101552365479,FINALLY. The Paper Towns Movie trailer is here!,"The First Trailer for Paper Towns, Starring Cara Delevingne and Nat Wolff, Is Here!",link,http://glmr.me/1CxgnbV,2015-03-19 10:40:45,,615,5,28,615,0,0,0,0,0
26815555478_10153101406110479,"Lena Dunham just debuted a super-cute, super-short haircut! See her new pixie:","Lena Dunham's New Pixie Cut Is So Cute, You're Going to Fall in Love at First Sight",link,http://glmr.me/1AJJcNt,2015-03-19 09:08:30,,209,3,3,209,0,0,0,0,0
26815555478_10153101233900479,Why you may want to rethink that diet soda habit:,Could Diet Soda Lead to More Belly Fat?,link,http://glmr.me/1EsfmhM,2015-03-19 07:00:54,,407,33,52,407,0,0,0,0,0
26815555478_10153100445580479,"No. 4: ""You are so hot!"" is the only compliment he ever gives.",5 Signs a Guy Only Wants Sex (According to Real Guys),link,http://glmr.me/1CuyNdg,2015-03-18 21:00:46,,1063,42,146,1063,0,0,0,0,0
26815555478_10153100290190479,More women are drinking more alcohol more frequently. But how many are really alcoholics?,Am I an Alcoholic? How to Tell if You're Drinking Too Much,link,http://glmr.me/1AGTL3Z,2015-03-18 19:30:40,,609,63,101,609,0,0,0,0,0
26815555478_10153100067275479,Watch Lena Dunham and Allison Williams kiss--for a cause. #TwizzlerChallenge,The Twizzler Challenge: Watch These Celebs Kiss to Support Autism Awareness,link,http://glmr.me/1H38opp,2015-03-18 17:22:01,,174,3,13,174,0,0,0,0,0
26815555478_10153099862440479,The first teaser for the FINAL The Hunger Games movie is here!,See the First Teaser Trailer for The Hunger Games: Mockingjay?Part 2,link,http://glmr.me/1H2LJtA,2015-03-18 15:35:28,,2390,64,309,2390,0,0,0,0,0
26815555478_10153099617495479,"Hilary Duff has turquoise hair, and we're basically obsessed:",Hilary Duff Has Turquoise Hair Now,link,http://glmr.me/1x1m6WD,2015-03-18 13:24:02,,1261,30,24,1261,0,0,0,0,0
26815555478_10153099543590479,Best news ever: Sounds like the Mean Girls MUSICAL is happening!,"New Details About Mean Girls, the Musical (Yes, It's Happening!)",link,http://glmr.me/1AFMEZE,2015-03-18 12:38:26,,1237,88,84,1237,0,0,0,0,0
26815555478_10153099419315479,3 awesome new books to read this month:,The Best New Novels Out in March,link,http://glmr.me/1H23DfQ,2015-03-18 11:15:42,,166,5,16,166,0,0,0,0,0
26815555478_10153099182685479,All the details on Hollywood's hottest (alleged) new romance:,Are Katie Holmes and Jamie Foxx Secretly Dating?,link,http://glmr.me/1xewmuU,2015-03-18 09:35:03,,545,19,8,545,0,0,0,0,0
26815555478_10153098945500479,"Oooh, get a sneak peek of Christina Aguilera's brunette look for her role on Nashville:",Fun! See Christina Aguilera as a Brunette Bombshell for Her Role on Nashville,link,http://glmr.me/1DzK2CH,2015-03-18 07:00:46,,556,16,13,556,0,0,0,0,0
26815555478_10153098243145479,"SPONSORED: A new season calls for a fresh beauty routine. Check out the top product picks from blogger Megan Elliott of Lush to Blush that will leave you oh so pretty for spring. Plus, enter for a chance to win a collection of her fave fashion and beauty obsessions worth up to $1000! http://www.chic-peek.com/springbeauty/",Timeline Photos,photo,https://www.facebook.com/glamour/photos/a.415642050478.210138.26815555478/10153098243145479/?type=3,2015-03-17 21:25:23,,205,4,8,205,0,0,0,0,0
26815555478_10153098193665479,10 fun date ideas to try now that temps are finally(!) heating up:,10 Springtime Dates That Will Heat Up Your Love Life,link,http://glmr.me/1EmU98T,2015-03-17 21:00:45,,491,11,43,491,0,0,0,0,0
26815555478_10153098046055479,Why Modern Family's Claire Dunphy deserves some great sex--on behalf of ALL women on--and off--TV:,Claire Dunphy Deserves to Have Hot Sex,link,http://glmr.me/1CpoXtf,2015-03-17 19:30:50,,326,3,2,326,0,0,0,0,0
26815555478_10153097795460479,3 new books to add to your reading list--especially if you loved The Girl on the Train:,3 New Books to Read If You Loved The Girl on the Train,link,http://glmr.me/1wVrZVh,2015-03-17 17:00:55,,221,6,21,221,0,0,0,0,0
26815555478_10153097567940479,Cookie would be proud: http://glmr.me/1MKA2Gl,Taraji P. Henson's Shoe Closet Is Every Girl's Dream Come True,link,http://glmr.me/1MKA2Gl,2015-03-17 15:00:13,,395,9,19,395,0,0,0,0,0
26815555478_10153097345600479,Everyone's favorite late night segment is getting its own TV show! Take a look back at the best performances: http://glmr.me/1CpNPRA,Jimmy Fallon's Lip Sync Battle Gets Its Own Show: See the Amazing Preview!,link,http://glmr.me/1CpNPRA,2015-03-17 13:00:37,,518,18,61,518,0,0,0,0,0
26815555478_10153097121775479,We have some magical updates about the new Beauty and the Beast:  http://glmr.me/1Dx6KeL,Beauty and the Beast Is Turning Into a Mini Harry Potter Reunion,link,http://glmr.me/1Dx6KeL,2015-03-17 11:04:37,,844,17,32,844,0,0,0,0,0
26815555478_10153096942945479,Suki Waterhouse just had her breakout style moment:,Suki Waterhouse Had Such a Princess Moment Last Night,link,http://glmr.me/1EmOzDA,2015-03-17 09:21:50,,586,3,4,586,0,0,0,0,0
26815555478_10153096619155479,"The amazing Viola Davis on love, marriage, and what really matters in life:",Life Advice From Viola Davis,link,http://glmr.me/1DttRXn,2015-03-17 07:01:37,,241,2,4,241,0,0,0,0,0
26815555478_10153095632570479,5 little things every couple faces--and why they don't really matter:,5 Tiny Ways You and Your Guy Aren't Compatible That Don't Matter,link,http://glmr.me/1EkDAdM,2015-03-16 21:01:00,,240,8,17,240,0,0,0,0,0
26815555478_10153095440965479,These 10 women have changed Katy Perry's life--who would be on your list?,Katy Perry Reveals 10 Women Who Changed Her Life,link,http://glmr.me/1EkD13z,2015-03-16 19:30:22,,1231,7,16,1231,0,0,0,0,0
26815555478_10153094968545479,"""Are you from Japan? 'Cause I'd like to get in ja-panties."" and more crazy, REAL online dating messages women have gotten: http://glmr.me/1BqrIF8",,video,https://www.facebook.com/glamour/videos/10153094968545479/,2015-03-16 17:00:06,00:16,63,1,3,63,0,0,0,0,0
26815555478_10153094939630479,Who is your supermodel doppelganger? Take our quiz and share your results!,QUIZ: Which Fashion Model Are You Most Like?,link,http://glmr.me/1DtpCes,2015-03-16 15:10:00,,335,9,15,335,0,0,0,0,0
26815555478_10153094655120479,This Orange Is the New Black teaser has us SO pumped for season 3:,Spot the New Inmate in This 'Orange Is the New' Black Teaser,link,http://glmr.me/1Ek8yCN,2015-03-16 13:00:37,,543,33,39,543,0,0,0,0,0
26815555478_10153094504815479,Kate Middleton's gorgeous new jewelry looks familiar...  http://glmr.me/1Aw26Y6,Kate Middleton Has a New Sapphire Jewelry Set to Match Her Engagement Ring!,link,http://glmr.me/1Aw26Y6,2015-03-16 11:29:00,,963,6,9,963,0,0,0,0,0
26815555478_10153094231045479,See Sarah Hyland's super-cute new haircut:,Sarah Hyland Got a Major Haircut,link,http://glmr.me/1Av7Ykn,2015-03-16 09:00:37,,407,11,7,407,0,0,0,0,0
26815555478_10153094060830479,"Victoria Beckham, Naomi Campbell, and more best dressed from the weekend's most glamorous red carpet:","amfAR Gala Best Dressed: Gwyneth Paltrow, Naomi Campbell, Kate Moss, and More",link,http://glmr.me/1wOsEaT,2015-03-16 07:00:42,,464,4,11,464,0,0,0,0,0
26815555478_10153093088630479,The most amazing Dancing with the Stars costumes EVER:,The Best Dancing With the Stars Costumes of the Past 10 Years,link,http://glmr.me/1Cj55Ys,2015-03-15 19:30:28,,501,6,7,501,0,0,0,0,0
26815555478_10153092557585479,"From broken heels to stuck zippers, we've got answers for your BIGGEST fashion problems:","Your Most Annoying Fashion Problems, Solved!",link,http://glmr.me/1GNTu6y,2015-03-15 17:00:41,,634,9,54,634,0,0,0,0,0
26815555478_10153092293595479,Music festival season is upon us! 12 cute outfits to wear for all the fun:,12 Music-Festival-Ready Outfits That Will Take You Through Summer,link,http://glmr.me/1x2xL7U,2015-03-15 15:00:30,,1017,17,34,1017,0,0,0,0,0
26815555478_10153092024390479,These 8 adorable nail-and-bag pairings will make you feel like spring has already sprung:,8 Nail-and-Handbag Combos That'll Make All Your Warm-Weather Dreams Come True,link,http://glmr.me/1MyROhn,2015-03-15 13:00:39,,829,6,49,829,0,0,0,0,0
26815555478_10153091785325479,15 super-flattering trends you'll be wearing this spring:,Spring 2015's Most Wearable Fashion Trends,link,http://glmr.me/1xl9dS7,2015-03-15 11:00:39,,808,5,24,808,0,0,0,0,0
26815555478_10153091555730479,We <3 how Vera Wang showcases real brides on Instagram! See some of the pretty pics:,18 Real Brides in Vera Wang Wedding Dresses Are Your Antidote to Daylight Saving Time,link,http://glmr.me/1x2xcL4,2015-03-15 09:00:44,,2194,26,76,2194,0,0,0,0,0
26815555478_10153090384765479,"Face it: These so-called ""deal-breakers"" are NBD.","6 Dating ""Deal-Breakers"" You Might Want to Reconsider",link,http://glmr.me/1x2wQEv,2015-03-14 19:30:35,,573,28,31,573,0,0,0,0,0
26815555478_10153090153225479,"Get Rita Ora's classic beauty look, with the help of Kandee Johnson:",Channel Rita Ora's Vintage Hollywood Glamour with Tips from Kandee Johnson,video,http://glmr.me/1xnPeSN,2015-03-14 17:36:51,,317,3,3,317,0,0,0,0,0
26815555478_10153089824715479,35 beauty superstars who are changing the game right now:,35 Beauty Superstars Under Age 35,link,http://glmr.me/1GBeOsi,2015-03-14 15:00:58,,893,10,11,893,0,0,0,0,0
26815555478_10153089612835479,The very best music festivals to have on your radar this year:,The 14 Must-See Music Festivals of 2015,link,http://glmr.me/1x2yfec,2015-03-14 13:00:29,,563,29,58,563,0,0,0,0,0
26815555478_10153089344580479,Weekend read: Check out this exclusive modern-day fairy tale from Gossip Girl author Cecily von Ziegesar,#stepsisters,link,http://glmr.me/1FjCraD,2015-03-14 11:00:33,,279,5,9,279,0,0,0,0,0
26815555478_10153089115595479,16 cute options for when all you need is a light jacket:,16 Jackets That Will Help Transition From Spring to Winter in Style,link,http://glmr.me/1GNMvKH,2015-03-14 09:00:23,,513,1,16,513,0,0,0,0,0
26815555478_10153088935485479,This workout was MADE for people who hate working out:,Body by Glamour: The New 5-Minute Workout,link,http://glmr.me/1BCOtt5,2015-03-14 07:00:48,,720,9,149,720,0,0,0,0,0
26815555478_10153087989970479,Jessica Alba just got the CUTEST haircut!,Jessica Alba Chopped Her Hair! Here's a First Peek at Her New Look,link,http://glmr.me/1BDlk0K,2015-03-13 21:28:51,,1098,20,22,1098,0,0,0,0,0
26815555478_10153087772245479,No. 3: The new replacements just don't always cut it.,7 Ways Getting Over Your Ex Is Like Trying to Lose Weight,link,http://glmr.me/1x363Ys,2015-03-13 19:30:17,,512,9,21,512,0,0,0,0,0
26815555478_10153087473185479,Which Disney princess would be your BFF? Take our quiz and share your results!,Quiz: Who Is Your Disney Princess Bestie?,link,http://glmr.me/1AlhuGT,2015-03-13 17:00:27,,682,35,24,682,0,0,0,0,0
26815555478_10153087235125479,"From their fashion prowess to their books(!), Kendall and Kylie are morphing into the Olsen twins:",11 Ways Kendall and Kylie Jenner Are Just Like Mary-Kate and Ashley Olsen,link,http://glmr.me/1GNDilB,2015-03-13 15:01:31,,1139,80,22,1139,0,0,0,0,0
26815555478_10153087009720479,Duchess Kate has had one chic week of outfits. See them all:,It's Been Quite the Week for Kate Middleton's Perfect Maternity Style!,link,http://glmr.me/1Akv25b,2015-03-13 13:17:42,,1180,7,21,1180,0,0,0,0,0
26815555478_10153086666725479,"Well, this is adorable.",David and Victoria Beckham's Kids Totally Steal Their Clothes,link,http://glmr.me/1Ak2HMD,2015-03-13 10:59:22,,2145,18,19,2145,0,0,0,0,0
26815555478_10153086508115479,"Watch President Obama read gems like ""I am alright with the president wearing jeans. I am not alright with the president in THOSE jeans.""",Watch President Obama Face Mean Tweets on Jimmy Kimmel,link,http://glmr.me/1x1fxDv,2015-03-13 09:33:29,,662,17,68,662,0,0,0,0,0
26815555478_10153086229175479,The ballerina workout you need to try this weekend:,4 Muscle-Lengthening Moves from A Principal Ballerina,link,http://glmr.me/1Mxa1w2,2015-03-13 07:00:36,,555,5,41,555,0,0,0,0,0
26815555478_10153085071005479,Sex ruts are for punks. How to get out of one:,7 (Very Fun!) Ways to Get Out of a Sex Rut,link,http://glmr.me/1GKmoEs,2015-03-12 21:00:26,,488,9,40,488,0,0,0,0,0
26815555478_10153084801980479,Need a new show to binge-watch? We've got a quiz for that:,Quiz: Which TV Show Should You Binge-Watch Next?,link,http://glmr.me/1GKmcoG,2015-03-12 19:30:51,,167,11,5,167,0,0,0,0,0
26815555478_10153084531580479,"This ""trailer"" from UCB Comedy hilariously demonstrates Hollywood's major age issue:",The Vid That Perfectly Sums Up Hollywood's Creepy Older Guy/Way Younger Girl Couples,link,http://glmr.me/1x07VRJ,2015-03-12 17:11:18,,786,17,26,786,0,0,0,0,0
26815555478_10153084291175479,Hollywood just couldn't let it go: Frozen 2 is happening!,"Big News, Frozen Fans: The Sequel Is Officially a Go!",link,http://glmr.me/18ECpwI,2015-03-12 15:16:01,,2455,105,243,2455,0,0,0,0,0
26815555478_10153084120850479,8 Cinderella secrets you may not have known:,8 Spellbinding Secrets You Never Knew About Disney's Original Cinderella,link,http://glmr.me/1wZOyIs,2015-03-12 14:00:21,,1470,15,87,1470,0,0,0,0,0
26815555478_10153084024900479,"SPONSORED: Shop the spring event at bebe! Clubbebe members receive special offers and triple points at all bebe stores & on bebe.com Thursday, March 19th through Sunday, March 22nd.",Timeline Photos,photo,https://www.facebook.com/glamour/photos/a.415642050478.210138.26815555478/10153084024900479/?type=3,2015-03-12 13:14:39,,1562,6,32,1562,0,0,0,0,0
26815555478_10153083732960479,"The good, the bad, and the ugly of dressing up as Cinderella:","Lily James Felt ""Completely Transformed"" In Her Cinderella Gown",link,http://glmr.me/1Ff4sAe,2015-03-12 10:53:49,,1058,2,36,1058,0,0,0,0,0
26815555478_10153083593155479,When Duchess Catherine met Lady Mary:,Duchess at Downton: Go Behind the Scenes at Kate Middleton's Downton Abbey Set Visit!,link,http://glmr.me/1wZuvtK,2015-03-12 09:39:45,,622,11,25,622,0,0,0,0,0
26815555478_10153083339645479,Out of mascara? Not to worry--this trick will make your eyes *pop*,Change-Your-Life Beauty Tip: How to Make Your Eyes Stand Out WITHOUT Mascara,link,http://glmr.me/1wYtHFx,2015-03-12 07:01:01,,263,6,25,263,0,0,0,0,0
26815555478_10153082542220479,8 things that can ruin a kiss--plus one that will make it the best ever:,One Easy Way to Make Every Kiss Amazing,link,http://glmr.me/1GGaNpR,2015-03-11 21:00:37,,791,12,49,791,0,0,0,0,0
26815555478_10153082367340479,"5 beauty trends that work on the runway, but not so much IRL:",5 Beauty Trends We Always See on the Runway but Never in Real Life,link,http://glmr.me/1wYtrGv,2015-03-11 19:30:25,,346,23,24,346,0,0,0,0,0
26815555478_10153082065600479,"A young girl grows up hungry but goes on to become an award-winning actress. Hollywood script? No, that's the real deal for Viola Davis—and the reason she's fighting to help 17 million kids just like her.",Viola Davis' Personal Story Will Make You Love Her Even More,link,http://glmr.me/1xdUlow,2015-03-11 17:15:58,,6349,147,978,6349,0,0,0,0,0
26815555478_10153081872885479,Sneak peek: See Cinderella's wedding dress!,Here's Your First Look at Cinderella's Wedding Dress!,link,http://glmr.me/1GFPN2s,2015-03-11 15:32:38,,4673,46,148,4673,0,0,0,0,0
26815555478_10153081804540479,This fitness model is 8 1/2 months pregnant--and has a six-pack. And people have a lot of opinions about that.,Celebrities React to a Pregnant Woman With a Six-Pack,link,http://glmr.me/1AgpKrA,2015-03-11 14:59:59,,1629,290,190,1629,0,0,0,0,0
26815555478_10153081634685479,#BachelorNation is just as upset about the two-Bachelorette situation as you are:,See Bachelor Nation's Heated Reactions to Two Bachelorettes,link,http://glmr.me/1xdfyif,2015-03-11 13:27:38,,641,54,31,641,0,0,0,0,0
26815555478_10153081451500479,Exclusive! See Blake Lively as a 1930s bride in this Age of Adaline movie poster:,Come See Blake Lively as a Blushing Vintage Bride,link,http://glmr.me/1wXVyWt,2015-03-11 11:45:14,,1292,16,14,1292,0,0,0,0,0
26815555478_10153081393125479,Duchess Kate's ponytail continues to be greater than all other ponytails. Here's how:,3 Secrets to Kate Middleton's Divine Ponytail,link,http://glmr.me/1BwVM5q,2015-03-11 11:14:48,,827,9,24,827,0,0,0,0,0
26815555478_10153081227930479,"Ballet + ""Stay With Me"" = all of the feels.","This Ballet Duet Set to Sam Smith's ""Stay With Me"" Will Give You All Kinds of Chills",link,http://glmr.me/1wXNEfE,2015-03-11 09:36:01,,2916,103,689,2916,0,0,0,0,0
26815555478_10153080981580479,These fats aren't like other fats. They're *healthy* fats.,5 Healthy Fats You Need for a Fit Body,link,http://glmr.me/1xbWAIJ,2015-03-11 07:00:51,,507,8,49,507,0,0,0,0,0
26815555478_10153080316735479,Mindy Kaling talks why Mindy and Danny are having a [SPOILER] on The Mindy Project:,Spoiler Alert! Boy or Girl? Mindy Kaling Explains Why Danny and Mindy Are Having a Baby...,link,http://glmr.me/1wX5r6T,2015-03-10 21:45:06,,282,6,3,282,0,0,0,0,0
26815555478_10153080285630479,"From Mr. Big(shot) to the perfect-on-paper guy, chances are you've encountered these 6 types of men in your dating life:",6 Types of Guys We've All Dated,link,http://glmr.me/1wX5fEG,2015-03-10 21:22:23,,602,21,54,602,0,0,0,0,0
26815555478_10153079745600479,"""When someone seems mysterious, we like to romanticize that he's 'deep' or 'complicated.' But a lot of the time, things are exactly as they seem.""",10 Super-Smart Love Lessons From Celebrities (Prepare to Take Notes!),link,http://glmr.me/1GCHUej,2015-03-10 17:30:03,,548,8,26,548,0,0,0,0,0
26815555478_10153079534810479,BREAKING: Hillary Clinton publicly addresses her use of private email for official affairs,Hillary Clinton Breaks Silence on Email Controversy,link,http://glmr.me/1xbgbc6,2015-03-10 15:20:37,,224,14,6,224,0,0,0,0,0
26815555478_10153079499660479,How to avoid a muffin top in *everything* you wear:,Erase the Phrase Muffin-Top From Your Vocabulary Right This Second,link,http://glmr.me/1AdZGxk,2015-03-10 15:02:28,,322,14,31,322,0,0,0,0,0
26815555478_10153079349580479,4 trailers you need to watch--including an INSANE new Game of Thrones sneak peek:,"Get Your First Full Look at George Clooney's Latest Movie, Plus 3 More Must-See Trailers",link,http://glmr.me/1wWtWB5,2015-03-10 13:23:09,,196,3,2,196,0,0,0,0,0
26815555478_10153079136365479,Cameron Diaz went brunette! See her new look:,Cameron Diaz Is a Brunette Now,link,http://glmr.me/1F7m4xY,2015-03-10 11:29:49,,581,16,8,581,0,0,0,0,0
26815555478_10153078910840479,IT'S A WALK OFF.,This Really Happened: Zoolander and Hansel Model in Valentino Fall 2015 Runway Show!,link,http://glmr.me/1GnsRld,2015-03-10 09:30:30,,1400,27,198,1400,0,0,0,0,0
26815555478_10153078734210479,Our thoughts on The Bachelor finale--including that incredibly frustrating Bachelorette announcement:,The Bachelor Finale Recap: Love in the Barn,link,http://glmr.me/1F5CE0Y,2015-03-10 08:07:32,,287,20,22,287,0,0,0,0,0
26815555478_10153078646210479,Model moment: Flip through these pics from Natalia Vodianova's Glamour cover shoot.,Natalia Vodianova's April Glamour Cover Shoot,link,http://glmr.me/1wVa41a,2015-03-10 07:01:10,,676,3,6,676,0,0,0,0,0
26815555478_10153078137045479,"Supermodel by day, superhero for kids by night--the gorgeous Natalia Vodianova is our April cover star. Get a sneak peek: http://glmr.me/1Gza8Xp",Timeline Photos,photo,https://www.facebook.com/glamour/photos/a.415642050478.210138.26815555478/10153078137045479/?type=3,2015-03-09 23:17:52,,540,7,15,540,0,0,0,0,0
26815555478_10153078029255479,See the gorgeous ring Chris proposed to [SPOILER!] with on The Bachelor finale:,Here's the Ring Chris Soules Proposed With on The Bachelor!,link,http://glmr.me/1x9Cn6A,2015-03-09 21:53:17,,212,9,6,212,0,0,0,0,0
26815555478_10153077864990479,Thinking of going kinky? Sex With Emily has your crash course:,A Crash Course in Kinky Sex,link,http://glmr.me/1GkTDug,2015-03-09 21:00:33,,442,12,21,442,0,0,0,0,0
26815555478_10153077538890479,From dirty Skyping to OKCupid experiments--these 12 stories show what sex these days is really like. Via WIRED,12 Tales of Getting It On in the Digital Age | WIRED,link,http://www.wired.com/2015/03/best-sex-ever/?mbid=psocial_gl,2015-03-09 19:30:01,,85,2,6,85,0,0,0,0,0
26815555478_10153077468305479,"5 ""fun"" facts about Chris Soules' hometown of Arlington, Iowa:","Everything You Need to Know About Arlington, Iowa, Before Tonight's Bachelor Finale",link,http://glmr.me/1wUD60X,2015-03-09 17:14:18,,151,7,10,151,0,0,0,0,0
26815555478_10153077237925479,"See ya, dark lipstick! Lorde tried a fresh new makeup look--and she looks beautiful:",Lorde Tried Something Completely New With Her Makeup. Details Right This Way,link,http://glmr.me/18w0RQT,2015-03-09 15:08:45,,528,32,9,528,0,0,0,0,0
26815555478_10153077110865479,How does Duchess Kate's pregnancy style compare to Princess Diana's? We take an in-depth look:,"How Kate Middleton's Pregnancy Compares, Style-Wise, to Princess Diana's",link,http://glmr.me/1wUf71R,2015-03-09 13:52:47,,574,17,11,574,0,0,0,0,0
26815555478_10153076938540479,Kim Kardashian isn't the first brunette to shock us by going blond:,5 Brunette Celebrities (Other Than Kim K.) Who've Shocked the World by Going Blond,link,http://glmr.me/1GjXgRl,2015-03-09 12:20:40,,743,15,7,743,0,0,0,0,0
26815555478_10153076788720479,See how your favorite celebs celebrated International Women's Day:,"See How Taylor Swift, Emma Watson, and More Celebs Rang In International Women's Day",link,http://glmr.me/1Bp2iei,2015-03-09 11:11:08,,995,9,14,995,0,0,0,0,0
26815555478_10153076614450479,Game of Thrones' Gwendoline Christie--a.k.a. Brienne of Tarth--walked the Vivienne Westwood runway! See the pic:,Surprise! A Game of Thrones Actress Walked the Runway This Weekend!,link,http://glmr.me/1Mn4JTy,2015-03-09 09:38:01,,287,1,6,287,0,0,0,0,0
26815555478_10153075252990479,10 reasons couples wait to have sex...at least at first:,Why More Couples Are Waiting Longer to Have Sex,link,http://glmr.me/1H904BR,2015-03-08 19:30:31,,627,28,59,627,0,0,0,0,0
26815555478_10153074965430479,20 adorable office outfit ideas to try this spring:,"20 of Our Most Favorite Spring Work Outfit Ideas, Ever!",link,http://glmr.me/1Md5sF3,2015-03-08 17:00:40,,1018,16,49,1018,0,0,0,0,0
26815555478_10153074733660479,Would you stop wearing makeup for better skin?,"Should You Try the 5:2 Skin ""Diet""? It Means No Makeup for Two Days Every Week!",link,http://glmr.me/1H8Z00J,2015-03-08 15:00:35,,1543,137,139,1543,0,0,0,0,0
26815555478_10153074495085479,Enter for your chance to win the trip--AND the shopping spree!--of a lifetime.,"You Could Win a Trip to Turks and Caicos--Plus, a $1,000 Joie Shopping Spree!",link,http://glmr.me/1Exv0vJ,2015-03-08 13:01:12,,244,6,12,244,0,0,0,0,0
26815555478_10153074124855479,"Prepare your Pinterest boards, people.",Fall in Love: 62 Brand-New Wedding Dresses to Swoon Over,link,http://glmr.me/1Mg5cH4,2015-03-08 11:01:00,,2272,52,109,2272,0,0,0,0,0
26815555478_10153073896390479,Healthy Girl Scout cookies?! We're listening...,How to Make Healthified Versions of Your Favorite Girl Scout Cookies,link,http://glmr.me/1zWX0CZ,2015-03-08 09:01:08,,832,13,59,832,0,0,0,0,0
26815555478_10153073704045479,What if women disappeared for a day? #NotThere http://glmr.me/18s2pvb #IWD2015,Timeline Photos,photo,https://www.facebook.com/glamour/photos/a.415642050478.210138.26815555478/10153073704045479/?type=3,2015-03-08 07:00:30,,711,11,48,711,0,0,0,0,0
26815555478_10153073309845479,"What would happen if all of a sudden, women were #NotThere? not-there.org",Profile Pictures,photo,https://www.facebook.com/glamour/photos/a.467489955478.278659.26815555478/10153073309845479/?type=3,2015-03-07 23:07:00,,8190,111,74,8190,0,0,0,0,0
26815555478_10153072571245479,"Yes, there ARE good guys out there. 6 challenges to help you meet them:",6 Dating Challenges You Should Try If You Want to Meet New Guys,link,http://glmr.me/17YMIfc,2015-03-07 20:30:20,,750,74,79,750,0,0,0,0,0
26815555478_10153072243470479,Need new curly hair ideas? We've got you covered:,31 Ways to Get Perfect Curls and Waves This Spring,link,http://glmr.me/1BWUELD,2015-03-07 18:00:53,,666,10,53,666,0,0,0,0,0
26815555478_10153072012675479,Are you a Nene? Or perhaps a Yolanda? Take our quiz and share your results:,Quiz: Who Is Your Real Housewives Spirit Animal?,link,http://glmr.me/1G8pMp1,2015-03-07 16:00:52,,216,17,17,216,0,0,0,0,0
26815555478_10153071781510479,Youtube beauty guru Kandee Johnson recreates Charli XCX's album cover look in the latest Beauty Recovered. Watch more here: http://glmr.me/1zWUb4U,Kandee Johnson Recreates Charli XCX's Album Cover Beauty Look,video,https://www.facebook.com/glamour/videos/10153071781510479/,2015-03-07 14:00:53,00:14,183,1,9,183,0,0,0,0,0
26815555478_10153071535205479,"It's all about the flats, friends.",4 New Cute Ways To Wear Flats This Spring,link,http://glmr.me/1Mg2hOF,2015-03-07 12:01:01,,1147,37,47,1147,0,0,0,0,0
26815555478_10153071314060479,Tips for dying your hair platinum--straight from the colorist who did Kim's new color:,Kim Kardashian's Colorist on Taking Her Platinum and Tips for Getting the Look Yourself,link,http://glmr.me/1BWTGz0,2015-03-07 10:00:49,,933,150,43,933,0,0,0,0,0
26815555478_10153071096185479,"Daylight savings, shmaylight savings.",12 Ways to Own Daylight Saving Time (A.K.A. Not Feel Exhausted),link,http://glmr.me/1CJ7dtK,2015-03-07 08:01:31,,869,25,113,869,0,0,0,0,0
26815555478_10153070038555479,"20 fun things to talk about with your guy--or anyone, really:",20 Genius Conversation Starters,link,http://glmr.me/1CJfzll,2015-03-06 20:30:35,,721,26,163,721,0,0,0,0,0
26815555478_10153069849915479,14 STUNNING engagement rings that incorporate our favorite ring trend:,14 Engagement Rings That Show Off the Trend That's About to Take the World by Storm,link,http://glmr.me/1H91nkd,2015-03-06 18:31:15,,1275,25,61,1275,0,0,0,0,0
26815555478_10153069586570479,Which awesome '80s hairstyle should you bring back? Take our quiz and share your results!,Which '80s Hairstyle Should You Resurrect?,link,http://glmr.me/1EwWqlz,2015-03-06 16:20:27,,599,23,20,599,0,0,0,0,0
26815555478_10153069273505479,We've seen Olivia Pope tackle some major issues before--but this might be the most important yet.,Why Last Night's Scandal Was Its Most Important Episode Yet,link,http://glmr.me/1BWxchE,2015-03-06 13:44:43,,467,8,12,467,0,0,0,0,0
26815555478_10153069081175479,"The Salvation Army is bringing a whole new meaning to ""Why is it so hard to see black and blue?""",The Salvation Army Uses #TheDress to Send a Powerful Message,link,http://glmr.me/1H7d7DL,2015-03-06 12:09:40,,3694,62,552,3694,0,0,0,0,0
26815555478_10153068926605479,The beauty product Kate Middleton has reportedly given up during her pregnancy--and what she's using instead:,Kate Middleton Has Reportedly Given Up This Beauty Product During Her Pregnancy,link,http://glmr.me/1CHqbky,2015-03-06 10:51:32,,550,13,18,550,0,0,0,0,0
26815555478_10153068619700479,New mom Carrie Underwood talks her health and fitness routine--and her awesome new activewear line:,"Carrie Underwood's Go-To Breakfast, Favorite Workout, and New Clothing Line",link,http://glmr.me/1w8mD8z,2015-03-06 08:00:37,,600,7,11,600,0,0,0,0,0
26815555478_10153067830375479,"Ooh la la, what's your lingerie style? Take our quiz:",Quiz: What's Your Lingerie Style?,link,http://glmr.me/1BUQl3q,2015-03-05 22:00:54,,722,19,25,722,0,0,0,0,0
26815555478_10153067683335479,"Facebook has a ""feeling fat"" emoji status update. Should they get rid of it?","Should Facebook Ban Its ""Fat"" Emoji?",link,http://glmr.me/1Ma4GIZ,2015-03-05 20:30:43,,312,87,6,312,0,0,0,0,0
26815555478_10153067414535479,Cinderella star Lily James' most magical red carpet moments:,"You Loved That Gown, Now Check Out Lily James' Other Cinderella Red Carpet Moments",link,http://glmr.me/1BUQ0xI,2015-03-05 18:00:36,,839,1,11,839,0,0,0,0,0
26815555478_10153067191220479,"Ooooh, Jillian Harris just gave us a MAJOR clue as to who the next Bachelorette might be:",Did Jillian Harris Just Reveal the Next Bachelorette?,link,http://glmr.me/1w87Gn0,2015-03-05 16:00:12,,336,23,12,336,0,0,0,0,0
26815555478_10153066865720479,"Kim, we're gonna let you finish, but Jared Leto has the best platinum hair OF ALL TIME.",Too Amazing: Jared Leto Just Upstaged Kim Kardashian With His Own Platinum Hair,link,http://glmr.me/1BUyzNZ,2015-03-05 13:59:51,,814,17,28,814,0,0,0,0,0
26815555478_10153066856305479,"Move over, Gone Girl: The creepy trailer for Dark Places is here!",The First Trailer for Dark Places Is Here! Watch Charlize Theron Take on Gillian Flynn's Dark Thriller,link,http://glmr.me/1G2D8D7,2015-03-05 13:53:48,,420,29,64,420,0,0,0,0,0
26815555478_10153066768365479,A brief history of Kim Kardashian's brushes with blond:,Kim Kardashian's Platinum Hair Color Is the Best Blond She's Been Yet. Here's Proof,link,http://glmr.me/1BLD8bM,2015-03-05 13:00:25,,1131,176,46,1131,0,0,0,0,0
26815555478_10153066642050479,The Beast has been cast--and we APPROVE.,More Amazing Beauty and the Beast News: We Now Have Our Beast!,link,http://glmr.me/1M9iB1R,2015-03-05 11:44:31,,1409,25,80,1409,0,0,0,0,0
26815555478_10153066520460479,Kim Kardashian went SUPER blond!,Big News. Looks Like Kim Kardashian Has Gone Blond Again,link,http://glmr.me/1BUe7wF,2015-03-05 10:35:52,,691,95,14,691,0,0,0,0,0
26815555478_10153066278840479,"The makeup trick that will ensure no one says ""You look tired"" ever again:",Makeup Trick in Action: The Cleverest Way to Make Your Eyes Look More Awake,link,http://glmr.me/1BT3zxQ,2015-03-05 08:00:27,,820,15,88,820,0,0,0,0,0
26815555478_10153065557960479,No. 3: Date two guys at once.,8 Experiences Every Woman Needs to Have Before She Settles Down,link,http://glmr.me/1BIKCMC,2015-03-04 22:01:00,,2655,157,444,2655,0,0,0,0,0
26815555478_10153065417555479,Thinking of updating your hair color this spring? Read this first:,4 Hair Color Trends You'll See This Spring,link,http://glmr.me/1zKXlsp,2015-03-04 20:30:39,,842,32,123,842,0,0,0,0,0
26815555478_10153065188575479,"Amazing fun facts about everyone's new TV obsession, Empire:",11 Things You Didn't Know About Empire,link,http://glmr.me/1DW8Ge1,2015-03-04 18:00:35,,448,15,27,448,0,0,0,0,0
26815555478_10153065089450479,"We have our Gaston, people!",Guess Who Will Play Gaston in the Live Action Beauty and the Beast (It's Perfect),link,http://glmr.me/1BT30E2,2015-03-04 17:00:46,,1341,116,152,1341,0,0,0,0,0
26815555478_10153065019045479,We want to solve your BIGGEST fashion emergencies--from broken heels to salad-dressing spills. Share your style issue and we may answer it on Glamour.com!,"Got Fashion Emergencies That Require Assistance, Stat? We Want Your Questions!",link,http://glmr.me/1GU0snu,2015-03-04 16:20:34,,306,2,6,306,0,0,0,0,0
26815555478_10153064873500479,"The hot mug-shot guy has a modeling contract, because America.","""Felon Bae"" (A.K.A. the Hot Mug-Shot Guy) Has Officially Landed a Modeling Contract",link,http://glmr.me/1B2BhOZ,2015-03-04 15:00:18,,1339,115,144,1339,0,0,0,0,0
26815555478_10153064841175479,"The MTV Movie Awards nominations are here! (Plus, a hilarious promo with Amy Schumer and Anna Kendrick)",The MTV Movie Awards Nominations Are Here! Vote for Your Favorites,link,http://glmr.me/1B2yCVF,2015-03-04 14:37:42,,339,2,3,339,0,0,0,0,0
26815555478_10153064617190479,#ShakeItOffJalene,What Taylor Swift Did For A 4-Year-Old Fan With Cancer Will Bring You to Tears,link,http://glmr.me/1zJSI1J,2015-03-04 12:19:58,,1656,25,38,1656,0,0,0,0,0
26815555478_10153064452670479,See Demi Lovato's adorable new haircut from every angle:,Demi Lovato's Haircut Is Crazy Cute--Take a Look from Every Angle,link,http://glmr.me/1B17OoJ,2015-03-04 10:38:57,,952,20,26,952,0,0,0,0,0
26815555478_10153064209995479,Is your job making your skin worse? How to tell:,The 7 Worst Jobs for Your Skin,link,http://glmr.me/1B42Oyb,2015-03-04 08:00:31,,350,15,45,350,0,0,0,0,0
26815555478_10153063586545479,Because curling up with a good book can feel pretty damn good.,9 Non-Sexual Things That Feel (Almost) as Good as an Orgasm,link,http://glmr.me/1DRnOcJ,2015-03-03 22:00:33,,557,5,47,557,0,0,0,0,0
26815555478_10153063435970479,5 guys spill the no. 1 thing they look for in a girlfriend:,Real Men Share: Here's What I Look for in a Girlfriend,link,http://glmr.me/1AXmxAV,2015-03-03 20:30:53,,834,13,68,834,0,0,0,0,0
26815555478_10153063213650479,Happy National Pancake Day! <3,5 Healthy Recipes for National Pancake Day,link,http://glmr.me/1w065j9,2015-03-03 18:09:03,,1194,13,60,1194,0,0,0,0,0
26815555478_10153063031770479,Pencil these future Netflix binges in:,Find Out When All of Your Favorite Netflix Shows Premiere This Summer,link,http://glmr.me/1AWPFZ0,2015-03-03 16:13:00,,441,14,37,441,0,0,0,0,0
26815555478_10153062814265479,Sneak peek! See the gorgeous ring Chris Soules will propose with on next week's The Bachelor finale:,The Bachelor Engagement Ring: Here's a Sneak Peek at the Ring Chris Picked!,link,http://glmr.me/1BDXOCh,2015-03-03 14:38:59,,130,8,4,130,0,0,0,0,0
26815555478_10153062643620479,We could listen to Kelly Clarkson sing duets with Jimmy Fallon all day.,Watch Jimmy Fallon and Kelly Clarkson's Amazing Medley of the Best Duets Ever,link,http://glmr.me/1zF5iPX,2015-03-03 13:01:00,,742,15,68,742,0,0,0,0,0
26815555478_10153062480720479,"Congrats, Carrie Underwood! See her adorable baby announcement: http://glmr.me/1DPAwIO",Carrie Underwood Has Given Birth to a Baby Boy! See Her Too-Cute Announcement,link,http://glmr.me/1DPAwIO,2015-03-03 11:23:26,,1212,14,16,1212,0,0,0,0,0
26815555478_10153062395840479,Jared Leto cut his iconic ombre hair! Look back at his 5 most epic long hairstyles ever:,"In Honor of Jared Leto's New Short Haircut (See Pic!), His 5 Most Epic Long-Hair Looks",link,http://glmr.me/1BD1q7F,2015-03-03 10:29:44,,610,23,46,610,0,0,0,0,0
26815555478_10153062188130479,"Not to alarm you, but it's already March. 5 ways to help get your body into spring-summer mode:",How to Lose That Winter Weight Before Winter Ends,link,http://glmr.me/1ARDAUR,2015-03-03 08:01:09,,731,7,54,731,0,0,0,0,0
26815555478_10153061063470479,We don't know our bodies as well as we think. WIRED gets down and dirty:,The Sex Talk You Never Had With Your Parents | WIRED,link,http://www.wired.com/2015/02/sex-talk-never-parents/?mbid=psocial_gl,2015-03-02 22:00:01,,182,4,6,182,0,0,0,0,0
26815555478_10153061465395479,Go ahead--lend him a hand.,4 Reasons Why Men Love Hand Jobs,link,http://glmr.me/1DMzsWg,2015-03-02 21:25:07,,329,13,20,329,0,0,0,0,0
26815555478_10153061331495479,"You know what's pretty screwed up? How none of the contestants on The Bachelor will say ""hey, why don't you move to MY town?""",The Disturbing Thing You Never Noticed About The Bachelor's Version of Love,link,http://glmr.me/1BzUZCn,2015-03-02 20:30:29,,896,43,41,896,0,0,0,0,0
26815555478_10153061074820479,"On Thin Mints: ""Like Beyonce, flawless.""",We Did It for Science: The Official Glamour Girl Scout Cookie Taste Test,link,http://glmr.me/1DLWFb2,2015-03-02 18:04:28,,776,12,24,776,0,0,0,0,0
26815555478_10153061005165479,"The cast of Glee performed ""Don't Stop Believin'"" over the weekend, and it will give you chills:",The Cast of Glee Reunited Over the Weekend to Sing Journey One Last Time,link,http://glmr.me/1DLMraH,2015-03-02 17:20:00,,1173,9,24,1173,0,0,0,0,0
26815555478_10153060557690479,Taylor Swift is about to be a (fairy) godmother to Jaime King's new baby!,5 Reasons Taylor Swift Will Make the World's Best Godmother,link,http://glmr.me/1DKWNYf,2015-03-02 13:32:02,,993,6,9,993,0,0,0,0,0
26815555478_10153060392195479,Lily James' Cinderella premiere look was pure magic--just wait until you see the accessories!,Lily James' Cinderella Premiere Dress Was a Fairy Tale Come to Life,link,http://glmr.me/1zzSgTD,2015-03-02 11:46:33,,3635,101,293,3635,0,0,0,0,0
26815555478_10153060308915479,Our cover star Dakota Johnson took to the Saturday Night Live stage--and there was more than one amazingly awkward moment:,The Most Awkward Moments From Dakota Johnson on Saturday Night Live,link,http://glmr.me/1zzArUK,2015-03-02 10:50:12,,628,15,18,628,0,0,0,0,0
26815555478_10153059420885479,Number four is always a crowd-pleaser.,Have Better Sex Tonight: 11 Ways to Kick It Up a Notch,link,http://glmr.me/1AjrM99,2015-03-01 22:00:29,,576,12,58,576,0,0,0,0,0
26815555478_10153059286450479,10 spring trends you can start wearing to the office now:,How to Wear Spring's Biggest Trends to Work Right Now,link,http://glmr.me/18vY3Ej,2015-03-01 20:30:21,,333,4,8,333,0,0,0,0,0
26815555478_10153058991870479,"4 money mistakes to avoid, courtesy of financial expert Nicole Lapin:",Financial Advice: Don't Make These Money Mistakes,link,http://glmr.me/18vXSsF,2015-03-01 18:00:50,,731,18,87,731,0,0,0,0,0
26815555478_10153058905275479,Khloe Kardashian went SUPER blond. Come see the first pic:,Khloe Kardashian Just Went WAY Blond!,link,http://glmr.me/1E7nDuN,2015-03-01 17:07:31,,1072,44,13,1072,0,0,0,0,0
26815555478_10153058783835479,Spoiler alert: You're (probably) washing your face wrong.,So This Is How You Wash Your Face,link,http://glmr.me/1DjsZPV,2015-03-01 16:01:18,,2054,63,559,2054,0,0,0,0,0
26815555478_10153058696805479,The Dolce & Gabbana show at #MFW was all about motherhood--and it was beautiful.,The Dolce & Gabbana Fall 2015 Show Will Make You Want to Call Your Mom—Trust Us,link,http://glmr.me/1M1C46z,2015-03-01 15:11:19,,1659,18,45,1659,0,0,0,0,0
26815555478_10153058559080479,"Swoonworthy bags and jewelry, fresh off the runway:",The Best Accessories From Fall 2015 Fashion Week,link,http://glmr.me/1DBbqxr,2015-03-01 14:00:50,,766,0,13,766,0,0,0,0,0
26815555478_10153058316175479,"With pretty backs and ladylike lace, your bridesmaids will love--and look great in--these dresses:",16 Brand-New Bridesmaid Dresses Your Friends Will All Look Great In,link,http://glmr.me/1Boegq9,2015-03-01 12:00:49,,1239,28,50,1239,0,0,0,0,0
26815555478_10153058102495479,"Eat these 10 foods, feel less stressed. It's that simple. Via The Healthy Apple",10 Foods to Eat When You're Feeling Stressed,link,http://glmr.me/1BJIYvJ,2015-03-01 10:00:58,,2145,32,305,2145,0,0,0,0,0
